Transaction ID,Customer ID,Gender,Age,Product Category,Quantity,Price per Unit,Total Amount,Date
1,CUST001,Male,34,Beauty,3,50,150,24-11-2023
2,CUST002,Female,26,Clothing,2,500,1000,27-02-2023
3,CUST003,Male,50,Electronics,1,30,30,13-01-2023
4,CUST004,Male,37,Clothing,1,500,500,21-05-2023
5,CUST005,Male,30,Beauty,2,50,100,06-05-2023
6,CUST006,Female,45,Beauty,1,30,30,25-04-2023
7,CUST007,Male,46,Clothing,2,25,50,13-03-2023
8,CUST008,Male,30,Electronics,4,25,100,22-02-2023
9,CUST009,Male,63,Electronics,2,300,600,13-12-2023
10,CUST010,Female,52,Clothing,4,50,200,07-10-2023
11,CUST011,Male,23,Clothing,2,50,100,14-02-2023
12,CUST012,Male,35,Beauty,3,25,75,30-10-2023
13,CUST013,Male,22,Electronics,3,500,1500,05-08-2023
14,CUST014,Male,64,Clothing,4,30,120,17-01-2023
15,CUST015,Female,42,Electronics,4,500,2000,16-01-2023
16,CUST016,Male,19,Clothing,3,500,1500,17-02-2023
17,CUST017,Female,27,Clothing,4,25,100,22-04-2023
18,CUST018,Female,47,Electronics,2,25,50,30-04-2023
19,CUST019,Female,62,Clothing,2,25,50,16-09-2023
20,CUST020,Male,22,Clothing,3,300,900,05-11-2023
21,CUST021,Female,50,Beauty,1,500,500,14-01-2023
22,CUST022,Male,18,Clothing,2,50,100,15-10-2023
23,CUST023,Female,35,Clothing,4,30,120,12-04-2023
24,CUST024,Female,49,Clothing,1,300,300,29-11-2023
25,CUST025,Female,64,Beauty,1,50,50,26-12-2023
26,CUST026,Female,28,Electronics,2,500,1000,07-10-2023
27,CUST027,Female,38,Beauty,2,25,50,03-08-2023
28,CUST028,Female,43,Beauty,1,500,500,23-04-2023
29,CUST029,Female,42,Electronics,1,30,30,18-08-2023
30,CUST030,Female,39,Beauty,3,300,900,29-10-2023
31,CUST031,Male,44,Electronics,4,300,1200,23-05-2023
32,CUST032,Male,30,Beauty,3,30,90,04-01-2023
33,CUST033,Female,50,Electronics,2,50,100,23-03-2023
34,CUST034,Female,51,Clothing,3,50,150,24-12-2023
35,CUST035,Female,58,Beauty,3,300,900,05-08-2023
36,CUST036,Male,52,Beauty,3,300,900,24-06-2023
37,CUST037,Female,18,Beauty,3,25,75,23-05-2023
38,CUST038,Male,38,Beauty,4,50,200,21-03-2023
39,CUST039,Male,23,Clothing,4,30,120,21-04-2023
40,CUST040,Male,45,Beauty,1,50,50,22-06-2023
41,CUST041,Male,34,Clothing,2,25,50,22-02-2023
42,CUST042,Male,22,Clothing,3,300,900,17-02-2023
43,CUST043,Female,48,Clothing,1,300,300,14-07-2023
44,CUST044,Female,22,Clothing,1,25,25,19-02-2023
45,CUST045,Female,55,Electronics,1,30,30,03-07-2023
46,CUST046,Female,20,Electronics,4,300,1200,26-06-2023
47,CUST047,Female,40,Beauty,3,500,1500,06-11-2023
48,CUST048,Male,54,Electronics,3,300,900,16-05-2023
49,CUST049,Female,54,Electronics,2,500,1000,23-01-2023
50,CUST050,Female,27,Beauty,3,25,75,24-08-2023
51,CUST051,Male,27,Beauty,3,25,75,02-10-2023
52,CUST052,Female,36,Beauty,1,300,300,05-03-2023
53,CUST053,Male,34,Electronics,2,50,100,13-07-2023
54,CUST054,Female,38,Electronics,3,500,1500,10-02-2023
55,CUST055,Male,31,Beauty,4,30,120,10-10-2023
56,CUST056,Female,26,Clothing,3,300,900,31-05-2023
57,CUST057,Female,63,Beauty,1,30,30,18-11-2023
58,CUST058,Male,18,Clothing,4,300,1200,13-11-2023
59,CUST059,Male,62,Clothing,1,50,50,05-07-2023
60,CUST060,Male,30,Beauty,3,50,150,23-10-2023
61,CUST061,Male,21,Beauty,4,50,200,09-04-2023
62,CUST062,Male,18,Beauty,2,50,100,27-12-2023
63,CUST063,Male,57,Electronics,2,25,50,05-02-2023
64,CUST064,Male,49,Clothing,4,25,100,24-01-2023
65,CUST065,Male,51,Electronics,4,500,2000,05-12-2023
66,CUST066,Female,45,Electronics,1,30,30,27-04-2023
67,CUST067,Female,48,Beauty,4,300,1200,29-05-2023
68,CUST068,Male,25,Electronics,1,300,300,10-02-2023
69,CUST069,Female,56,Beauty,3,25,75,30-04-2023
70,CUST070,Female,43,Clothing,1,300,300,21-02-2023
71,CUST071,Female,51,Beauty,4,25,100,14-07-2023
72,CUST072,Female,20,Electronics,4,500,2000,23-05-2023
73,CUST073,Male,29,Electronics,3,30,90,21-08-2023
74,CUST074,Female,18,Beauty,4,500,2000,22-11-2023
75,CUST075,Male,61,Beauty,4,50,200,06-07-2023
76,CUST076,Female,22,Electronics,2,50,100,25-03-2023
77,CUST077,Female,47,Clothing,2,50,100,09-07-2023
78,CUST078,Female,47,Clothing,3,500,1500,01-07-2023
79,CUST079,Male,34,Beauty,1,300,300,18-04-2023
80,CUST080,Female,64,Clothing,2,30,60,10-12-2023
81,CUST081,Male,40,Electronics,1,50,50,17-05-2023
82,CUST082,Female,32,Beauty,4,50,200,26-12-2023
83,CUST083,Male,54,Electronics,2,50,100,16-12-2023
84,CUST084,Female,38,Electronics,3,30,90,28-11-2023
85,CUST085,Male,31,Clothing,3,50,150,06-02-2023
86,CUST086,Male,19,Beauty,3,30,90,08-11-2023
87,CUST087,Female,28,Beauty,2,50,100,22-11-2023
88,CUST088,Male,56,Clothing,1,500,500,29-03-2023
89,CUST089,Female,55,Electronics,4,500,2000,01-10-2023
90,CUST090,Female,51,Electronics,1,30,30,06-05-2023
91,CUST091,Female,55,Electronics,1,500,500,25-03-2023
92,CUST092,Female,51,Electronics,4,30,120,25-08-2023
93,CUST093,Female,35,Beauty,4,500,2000,14-07-2023
94,CUST094,Female,47,Beauty,2,500,1000,19-05-2023
95,CUST095,Female,32,Clothing,2,30,60,24-11-2023
96,CUST096,Female,44,Clothing,2,300,600,19-12-2023
97,CUST097,Female,51,Beauty,2,500,1000,13-10-2023
98,CUST098,Female,55,Beauty,2,50,100,23-04-2023
99,CUST099,Female,50,Electronics,4,300,1200,17-12-2023
100,CUST100,Male,41,Electronics,1,30,30,16-06-2023
101,CUST101,Male,32,Clothing,2,300,600,29-01-2023
102,CUST102,Female,47,Beauty,2,25,50,28-04-2023
103,CUST103,Female,59,Clothing,1,25,25,17-01-2023
104,CUST104,Female,34,Beauty,2,500,1000,11-06-2023
105,CUST105,Female,22,Electronics,1,500,500,25-07-2023
106,CUST106,Female,46,Clothing,1,50,50,18-05-2023
107,CUST107,Female,21,Clothing,4,300,1200,03-02-2023
108,CUST108,Female,27,Beauty,3,25,75,19-04-2023
109,CUST109,Female,34,Electronics,4,500,2000,18-10-2023
110,CUST110,Male,27,Clothing,3,300,900,11-06-2023
111,CUST111,Female,34,Electronics,3,500,1500,19-04-2023
112,CUST112,Male,37,Clothing,3,500,1500,02-12-2023
113,CUST113,Female,41,Electronics,2,25,50,13-09-2023
114,CUST114,Female,22,Beauty,4,25,100,22-07-2023
115,CUST115,Male,51,Clothing,3,500,1500,26-11-2023
116,CUST116,Female,23,Clothing,1,30,30,23-08-2023
117,CUST117,Male,19,Electronics,2,500,1000,15-03-2023
118,CUST118,Female,30,Electronics,4,500,2000,16-05-2023
119,CUST119,Female,60,Clothing,3,50,150,13-03-2023
120,CUST120,Male,60,Beauty,1,50,50,07-05-2023
121,CUST121,Female,28,Electronics,4,50,200,15-10-2023
122,CUST122,Male,64,Electronics,4,30,120,03-10-2023
123,CUST123,Female,40,Electronics,2,30,60,15-05-2023
124,CUST124,Male,33,Clothing,4,500,2000,27-10-2023
125,CUST125,Male,48,Clothing,2,50,100,08-08-2023
126,CUST126,Female,28,Clothing,3,30,90,26-10-2023
127,CUST127,Female,33,Clothing,2,25,50,24-07-2023
128,CUST128,Male,25,Beauty,1,500,500,05-07-2023
129,CUST129,Female,21,Beauty,2,300,600,23-04-2023
130,CUST130,Female,57,Clothing,1,500,500,12-03-2023
131,CUST131,Female,21,Beauty,2,300,600,18-09-2023
132,CUST132,Male,42,Electronics,4,50,200,10-09-2023
133,CUST133,Male,20,Electronics,3,300,900,16-02-2023
134,CUST134,Male,49,Electronics,1,50,50,25-01-2023
135,CUST135,Male,20,Clothing,2,25,50,26-02-2023
136,CUST136,Male,44,Electronics,2,300,600,20-03-2023
137,CUST137,Male,46,Beauty,2,500,1000,18-11-2023
138,CUST138,Male,49,Clothing,4,50,200,23-03-2023
139,CUST139,Male,36,Beauty,4,500,2000,15-12-2023
140,CUST140,Male,38,Electronics,1,30,30,05-08-2023
141,CUST141,Female,22,Electronics,1,50,50,02-11-2023
142,CUST142,Male,35,Electronics,4,300,1200,02-02-2023
143,CUST143,Female,45,Clothing,1,50,50,17-07-2023
144,CUST144,Female,59,Beauty,3,500,1500,15-07-2023
145,CUST145,Female,39,Clothing,3,25,75,02-11-2023
146,CUST146,Male,38,Clothing,4,50,200,28-08-2023
147,CUST147,Male,23,Electronics,1,300,300,28-09-2023
148,CUST148,Male,18,Clothing,2,30,60,09-05-2023
149,CUST149,Male,22,Clothing,3,25,75,11-10-2023
150,CUST150,Female,58,Electronics,4,30,120,06-01-2023
151,CUST151,Male,29,Clothing,1,50,50,15-12-2023
152,CUST152,Male,43,Electronics,4,500,2000,28-02-2023
153,CUST153,Male,63,Electronics,2,500,1000,16-12-2023
154,CUST154,Male,51,Electronics,3,300,900,02-10-2023
155,CUST155,Male,31,Electronics,4,500,2000,17-05-2023
156,CUST156,Female,43,Clothing,4,25,100,25-11-2023
157,CUST157,Male,62,Electronics,4,500,2000,24-06-2023
158,CUST158,Female,44,Electronics,2,300,600,27-02-2023
159,CUST159,Male,26,Clothing,4,50,200,31-05-2023
160,CUST160,Female,43,Clothing,2,50,100,11-08-2023
161,CUST161,Male,64,Beauty,2,500,1000,22-03-2023
162,CUST162,Male,39,Clothing,2,30,60,21-08-2023
163,CUST163,Female,64,Clothing,3,50,150,02-01-2023
164,CUST164,Female,47,Beauty,3,500,1500,15-05-2023
165,CUST165,Female,60,Clothing,4,300,1200,14-09-2023
166,CUST166,Male,34,Clothing,4,500,2000,02-04-2023
167,CUST167,Female,43,Clothing,3,50,150,17-09-2023
168,CUST168,Male,53,Clothing,1,300,300,24-02-2023
169,CUST169,Male,18,Beauty,3,500,1500,17-11-2023
170,CUST170,Female,25,Clothing,2,25,50,02-06-2023
171,CUST171,Female,52,Clothing,3,300,900,24-11-2023
172,CUST172,Male,32,Beauty,2,25,50,17-09-2023
173,CUST173,Male,64,Electronics,4,30,120,08-11-2023
174,CUST174,Female,39,Beauty,1,300,300,12-04-2023
175,CUST175,Female,31,Electronics,4,25,100,20-03-2023
176,CUST176,Female,43,Beauty,2,50,100,11-07-2023
177,CUST177,Male,45,Beauty,2,50,100,24-03-2023
178,CUST178,Male,40,Clothing,2,30,60,04-10-2023
179,CUST179,Male,31,Electronics,1,300,300,29-09-2023
180,CUST180,Male,41,Clothing,3,300,900,01-01-2023
181,CUST181,Male,19,Electronics,4,300,1200,03-11-2023
182,CUST182,Male,62,Beauty,4,30,120,15-06-2023
183,CUST183,Female,43,Beauty,3,300,900,08-09-2023
184,CUST184,Male,31,Electronics,4,50,200,10-01-2023
185,CUST185,Male,24,Clothing,1,25,25,27-02-2023
186,CUST186,Male,20,Clothing,4,50,200,05-07-2023
187,CUST187,Female,64,Clothing,2,50,100,07-06-2023
188,CUST188,Male,40,Clothing,3,25,75,03-05-2023
189,CUST189,Male,63,Beauty,1,50,50,30-01-2023
190,CUST190,Female,60,Beauty,3,30,90,04-05-2023
191,CUST191,Male,64,Beauty,1,25,25,18-10-2023
192,CUST192,Male,62,Beauty,2,50,100,10-02-2023
193,CUST193,Male,35,Beauty,3,500,1500,13-02-2023
194,CUST194,Male,55,Clothing,4,50,200,06-09-2023
195,CUST195,Male,52,Clothing,1,30,30,05-02-2023
196,CUST196,Female,32,Clothing,3,300,900,30-09-2023
197,CUST197,Female,42,Clothing,4,50,200,06-03-2023
198,CUST198,Female,54,Beauty,3,300,900,07-03-2023
199,CUST199,Male,45,Beauty,3,500,1500,04-12-2023
200,CUST200,Male,27,Beauty,3,50,150,01-09-2023
201,CUST201,Male,56,Electronics,1,25,25,09-10-2023
202,CUST202,Female,34,Clothing,4,300,1200,26-03-2023
203,CUST203,Male,56,Clothing,2,500,1000,16-05-2023
204,CUST204,Male,39,Beauty,1,25,25,28-09-2023
205,CUST205,Female,43,Clothing,1,25,25,07-11-2023
206,CUST206,Male,61,Clothing,1,25,25,05-08-2023
207,CUST207,Female,42,Beauty,2,25,50,19-04-2023
208,CUST208,Female,34,Electronics,4,50,200,04-10-2023
209,CUST209,Female,30,Electronics,4,50,200,20-12-2023
210,CUST210,Male,37,Electronics,4,50,200,13-04-2023
211,CUST211,Male,42,Beauty,3,500,1500,01-01-2024
212,CUST212,Male,21,Clothing,3,500,1500,09-06-2023
213,CUST213,Male,27,Beauty,3,500,1500,24-07-2023
214,CUST214,Male,20,Beauty,2,30,60,10-12-2023
215,CUST215,Male,58,Clothing,3,500,1500,29-11-2023
216,CUST216,Male,62,Electronics,2,50,100,11-07-2023
217,CUST217,Female,35,Electronics,4,50,200,13-08-2023
218,CUST218,Male,64,Beauty,3,30,90,22-09-2023
219,CUST219,Female,53,Electronics,3,30,90,20-08-2023
220,CUST220,Male,64,Beauty,1,500,500,03-03-2023
221,CUST221,Male,39,Beauty,2,300,600,07-05-2023
222,CUST222,Male,51,Clothing,4,30,120,26-04-2023
223,CUST223,Female,64,Clothing,1,25,25,02-02-2023
224,CUST224,Female,25,Clothing,1,50,50,23-06-2023
225,CUST225,Female,57,Beauty,4,25,100,11-01-2023
226,CUST226,Female,61,Clothing,1,50,50,29-10-2023
227,CUST227,Male,36,Electronics,2,50,100,11-10-2023
228,CUST228,Female,59,Electronics,2,30,60,28-04-2023
229,CUST229,Male,58,Beauty,3,30,90,29-10-2023
230,CUST230,Male,54,Beauty,1,25,25,23-04-2023
231,CUST231,Female,23,Clothing,3,50,150,04-01-2023
232,CUST232,Female,43,Beauty,1,25,25,06-02-2023
233,CUST233,Female,51,Beauty,2,300,600,29-12-2023
234,CUST234,Female,62,Electronics,2,25,50,20-11-2023
235,CUST235,Female,23,Electronics,2,500,1000,31-01-2023
236,CUST236,Female,54,Clothing,1,25,25,28-04-2023
237,CUST237,Female,50,Beauty,2,500,1000,04-02-2023
238,CUST238,Female,39,Beauty,1,500,500,17-01-2023
239,CUST239,Male,38,Electronics,3,500,1500,19-06-2023
240,CUST240,Female,23,Beauty,1,300,300,06-02-2023
241,CUST241,Female,23,Electronics,3,25,75,21-09-2023
242,CUST242,Male,21,Clothing,1,25,25,02-05-2023
243,CUST243,Female,47,Electronics,3,300,900,23-05-2023
244,CUST244,Male,28,Beauty,2,50,100,09-12-2023
245,CUST245,Male,47,Clothing,3,30,90,06-09-2023
246,CUST246,Female,48,Electronics,2,25,50,20-04-2023
247,CUST247,Male,41,Electronics,2,30,60,04-10-2023
248,CUST248,Male,26,Clothing,3,300,900,09-03-2023
249,CUST249,Male,20,Clothing,1,50,50,20-10-2023
250,CUST250,Male,48,Electronics,1,50,50,23-10-2023
251,CUST251,Female,57,Beauty,4,50,200,31-08-2023
252,CUST252,Male,54,Electronics,1,300,300,05-05-2023
253,CUST253,Female,53,Clothing,4,500,2000,31-08-2023
254,CUST254,Male,41,Electronics,1,500,500,28-07-2023
255,CUST255,Male,48,Clothing,1,30,30,08-04-2023
256,CUST256,Male,23,Clothing,2,500,1000,18-02-2023
257,CUST257,Male,19,Beauty,4,500,2000,19-02-2023
258,CUST258,Female,37,Clothing,1,50,50,04-12-2023
259,CUST259,Female,45,Clothing,4,50,200,09-08-2023
260,CUST260,Male,28,Beauty,2,30,60,01-07-2023
261,CUST261,Male,21,Clothing,2,25,50,05-08-2023
262,CUST262,Female,32,Beauty,4,30,120,30-07-2023
263,CUST263,Male,23,Beauty,2,30,60,28-08-2023
264,CUST264,Male,47,Clothing,3,300,900,28-01-2023
265,CUST265,Male,55,Clothing,3,300,900,11-12-2023
266,CUST266,Female,19,Electronics,2,30,60,01-12-2023
267,CUST267,Female,32,Beauty,3,30,90,27-11-2023
268,CUST268,Female,28,Electronics,1,30,30,20-02-2023
269,CUST269,Male,25,Clothing,4,500,2000,01-02-2023
270,CUST270,Male,43,Electronics,1,300,300,26-07-2023
271,CUST271,Female,62,Beauty,4,30,120,23-06-2023
272,CUST272,Female,61,Electronics,2,50,100,25-02-2023
273,CUST273,Female,22,Beauty,1,50,50,08-05-2023
274,CUST274,Female,23,Clothing,2,500,1000,09-04-2023
275,CUST275,Male,43,Clothing,2,500,1000,08-04-2023
276,CUST276,Female,21,Beauty,4,25,100,02-10-2023
277,CUST277,Male,36,Clothing,4,25,100,18-08-2023
278,CUST278,Female,37,Clothing,4,25,100,13-03-2023
279,CUST279,Male,50,Clothing,1,500,500,05-08-2023
280,CUST280,Female,37,Clothing,3,500,1500,04-04-2023
281,CUST281,Female,29,Beauty,4,500,2000,23-05-2023
282,CUST282,Female,64,Electronics,4,50,200,25-08-2023
283,CUST283,Female,18,Electronics,1,500,500,08-05-2023
284,CUST284,Male,43,Clothing,4,50,200,08-02-2023
285,CUST285,Female,31,Electronics,1,25,25,15-08-2023
286,CUST286,Male,55,Electronics,2,25,50,09-10-2023
287,CUST287,Male,54,Clothing,4,25,100,20-02-2023
288,CUST288,Male,28,Clothing,4,30,120,26-01-2023
289,CUST289,Male,53,Electronics,2,30,60,30-11-2023
290,CUST290,Female,30,Beauty,2,300,600,04-10-2023
291,CUST291,Male,60,Clothing,2,300,600,08-01-2023
292,CUST292,Male,20,Beauty,4,300,1200,17-02-2023
293,CUST293,Male,50,Electronics,3,30,90,02-05-2023
294,CUST294,Female,23,Clothing,3,30,90,27-03-2023
295,CUST295,Female,27,Beauty,3,300,900,28-07-2023
296,CUST296,Female,22,Clothing,4,300,1200,06-09-2023
297,CUST297,Female,40,Electronics,2,500,1000,04-09-2023
298,CUST298,Male,27,Beauty,4,300,1200,20-04-2023
299,CUST299,Male,61,Electronics,2,500,1000,25-07-2023
300,CUST300,Female,19,Electronics,4,50,200,31-01-2023
301,CUST301,Male,30,Clothing,4,30,120,26-03-2023
302,CUST302,Male,57,Beauty,2,300,600,14-07-2023
303,CUST303,Male,19,Electronics,3,30,90,02-01-2023
304,CUST304,Female,37,Electronics,2,30,60,19-07-2023
305,CUST305,Female,18,Beauty,1,30,30,16-05-2023
306,CUST306,Male,54,Electronics,1,50,50,21-08-2023
307,CUST307,Female,26,Electronics,2,25,50,27-05-2023
308,CUST308,Female,34,Beauty,4,300,1200,05-08-2023
309,CUST309,Female,26,Beauty,1,25,25,23-12-2023
310,CUST310,Female,28,Beauty,1,25,25,12-10-2023
311,CUST311,Female,32,Beauty,4,25,100,05-12-2023
312,CUST312,Male,41,Clothing,4,30,120,07-09-2023
313,CUST313,Female,55,Beauty,3,500,1500,21-03-2023
314,CUST314,Male,52,Clothing,4,30,120,08-04-2023
315,CUST315,Male,47,Clothing,2,30,60,01-06-2023
316,CUST316,Female,48,Clothing,2,25,50,22-04-2023
317,CUST317,Male,22,Electronics,3,30,90,30-01-2023
318,CUST318,Male,61,Clothing,1,25,25,24-10-2023
319,CUST319,Male,31,Clothing,1,500,500,05-10-2023
320,CUST320,Female,28,Electronics,4,300,1200,01-02-2023
321,CUST321,Female,26,Electronics,2,25,50,10-06-2023
322,CUST322,Male,51,Electronics,1,500,500,30-01-2023
323,CUST323,Female,29,Beauty,3,300,900,26-01-2023
324,CUST324,Female,52,Electronics,3,50,150,27-10-2023
325,CUST325,Female,52,Electronics,2,25,50,02-09-2023
326,CUST326,Female,18,Clothing,3,25,75,15-09-2023
327,CUST327,Male,57,Electronics,3,50,150,29-09-2023
328,CUST328,Male,39,Beauty,2,50,100,22-03-2023
329,CUST329,Female,46,Electronics,4,25,100,30-01-2023
330,CUST330,Female,25,Beauty,4,50,200,18-09-2023
331,CUST331,Male,28,Electronics,3,30,90,11-02-2023
332,CUST332,Male,58,Electronics,4,300,1200,06-04-2023
333,CUST333,Female,54,Electronics,4,300,1200,05-02-2023
334,CUST334,Male,31,Electronics,3,300,900,01-11-2023
335,CUST335,Female,47,Beauty,4,30,120,04-02-2023
336,CUST336,Female,52,Beauty,3,50,150,12-12-2023
337,CUST337,Male,38,Clothing,1,500,500,01-05-2023
338,CUST338,Male,54,Beauty,2,50,100,26-07-2023
339,CUST339,Female,22,Electronics,2,25,50,03-03-2023
340,CUST340,Female,36,Clothing,4,300,1200,19-10-2023
341,CUST341,Male,31,Clothing,4,50,200,07-05-2023
342,CUST342,Female,43,Clothing,4,500,2000,24-10-2023
343,CUST343,Male,21,Electronics,2,25,50,01-11-2023
344,CUST344,Female,42,Beauty,1,30,30,21-01-2023
345,CUST345,Male,62,Electronics,1,30,30,14-11-2023
346,CUST346,Male,59,Clothing,2,500,1000,11-02-2023
347,CUST347,Male,42,Electronics,1,25,25,03-08-2023
348,CUST348,Female,35,Electronics,2,300,600,03-12-2023
349,CUST349,Female,57,Beauty,1,50,50,26-10-2023
350,CUST350,Male,25,Beauty,3,25,75,17-10-2023
351,CUST351,Female,56,Clothing,3,30,90,25-09-2023
352,CUST352,Male,57,Electronics,2,500,1000,11-06-2023
353,CUST353,Male,31,Electronics,1,500,500,14-05-2023
354,CUST354,Female,49,Beauty,4,50,200,15-04-2023
355,CUST355,Female,55,Electronics,1,500,500,09-12-2023
356,CUST356,Male,50,Electronics,3,500,1500,10-06-2023
357,CUST357,Female,40,Electronics,3,25,75,03-05-2023
358,CUST358,Female,32,Beauty,1,300,300,16-05-2023
359,CUST359,Male,50,Clothing,1,50,50,22-07-2023
360,CUST360,Male,42,Clothing,4,25,100,09-03-2023
361,CUST361,Female,34,Electronics,4,300,1200,10-12-2023
362,CUST362,Male,50,Clothing,1,25,25,27-11-2023
363,CUST363,Male,64,Beauty,1,25,25,03-06-2023
364,CUST364,Female,19,Beauty,1,500,500,23-08-2023
365,CUST365,Male,31,Clothing,1,300,300,11-06-2023
366,CUST366,Male,57,Clothing,2,50,100,07-02-2023
367,CUST367,Female,57,Electronics,1,50,50,05-01-2023
368,CUST368,Female,56,Clothing,4,300,1200,23-08-2023
369,CUST369,Male,23,Electronics,3,500,1500,15-11-2023
370,CUST370,Male,23,Electronics,2,30,60,16-10-2023
371,CUST371,Female,20,Beauty,1,25,25,21-02-2023
372,CUST372,Female,24,Beauty,3,500,1500,07-02-2023
373,CUST373,Female,25,Beauty,2,300,600,03-10-2023
374,CUST374,Female,59,Beauty,3,25,75,20-04-2023
375,CUST375,Male,32,Clothing,1,50,50,17-09-2023
376,CUST376,Female,64,Beauty,1,30,30,16-05-2023
377,CUST377,Female,46,Clothing,4,50,200,09-03-2023
378,CUST378,Male,50,Beauty,1,300,300,28-06-2023
379,CUST379,Female,47,Clothing,1,25,25,05-02-2023
380,CUST380,Male,56,Electronics,2,300,600,06-05-2023
381,CUST381,Female,44,Clothing,4,25,100,09-07-2023
382,CUST382,Female,53,Clothing,2,500,1000,26-05-2023
383,CUST383,Female,46,Beauty,3,30,90,22-03-2023
384,CUST384,Male,55,Clothing,1,500,500,13-08-2023
385,CUST385,Male,50,Electronics,3,500,1500,06-10-2023
386,CUST386,Female,54,Electronics,2,300,600,27-12-2023
387,CUST387,Male,44,Beauty,1,30,30,04-06-2023
388,CUST388,Male,50,Electronics,1,25,25,10-11-2023
389,CUST389,Male,21,Clothing,2,25,50,01-12-2023
390,CUST390,Male,39,Electronics,2,50,100,28-09-2023
391,CUST391,Male,19,Beauty,2,25,50,05-01-2023
392,CUST392,Male,27,Clothing,2,300,600,08-12-2023
393,CUST393,Female,22,Beauty,2,500,1000,11-10-2023
394,CUST394,Female,27,Clothing,1,500,500,03-06-2023
395,CUST395,Male,50,Electronics,2,500,1000,06-12-2023
396,CUST396,Female,55,Beauty,1,30,30,23-02-2023
397,CUST397,Female,30,Beauty,1,25,25,10-03-2023
398,CUST398,Female,48,Clothing,2,300,600,16-05-2023
399,CUST399,Female,64,Beauty,2,30,60,01-03-2023
400,CUST400,Male,53,Clothing,4,50,200,24-02-2023
401,CUST401,Female,62,Clothing,1,300,300,11-10-2023
402,CUST402,Female,41,Clothing,2,300,600,21-03-2023
403,CUST403,Male,32,Clothing,2,300,600,20-05-2023
404,CUST404,Male,46,Electronics,2,500,1000,25-05-2023
405,CUST405,Female,25,Clothing,4,300,1200,06-11-2023
406,CUST406,Female,22,Beauty,4,25,100,18-04-2023
407,CUST407,Female,46,Electronics,3,300,900,25-06-2023
408,CUST408,Female,64,Beauty,1,500,500,15-04-2023
409,CUST409,Female,21,Electronics,3,300,900,18-12-2023
410,CUST410,Female,29,Clothing,2,50,100,21-11-2023
411,CUST411,Male,62,Electronics,4,50,200,16-05-2023
412,CUST412,Female,19,Electronics,4,500,2000,16-09-2023
413,CUST413,Female,44,Beauty,3,25,75,08-09-2023
414,CUST414,Male,48,Beauty,4,25,100,09-05-2023
415,CUST415,Male,53,Clothing,2,30,60,27-01-2023
416,CUST416,Male,53,Electronics,4,500,2000,17-02-2023
417,CUST417,Male,43,Electronics,3,300,900,21-11-2023
418,CUST418,Female,60,Electronics,2,500,1000,05-08-2023
419,CUST419,Female,44,Clothing,3,30,90,22-05-2023
420,CUST420,Female,22,Clothing,4,500,2000,23-01-2023
421,CUST421,Female,37,Clothing,3,500,1500,02-01-2023
422,CUST422,Female,28,Clothing,3,30,90,20-06-2023
423,CUST423,Female,27,Clothing,1,25,25,08-03-2023
424,CUST424,Male,57,Beauty,4,300,1200,23-11-2023
425,CUST425,Female,55,Electronics,4,30,120,15-05-2023
426,CUST426,Male,23,Electronics,3,50,150,24-03-2023
427,CUST427,Male,25,Electronics,1,25,25,15-08-2023
428,CUST428,Female,40,Electronics,4,50,200,10-10-2023
429,CUST429,Male,64,Electronics,2,25,50,28-12-2023
430,CUST430,Female,43,Electronics,3,300,900,07-08-2023
431,CUST431,Male,63,Electronics,4,300,1200,15-10-2023
432,CUST432,Female,60,Electronics,2,500,1000,05-01-2023
433,CUST433,Male,29,Beauty,4,50,200,27-02-2023
434,CUST434,Female,43,Electronics,2,25,50,08-02-2023
435,CUST435,Female,30,Beauty,3,300,900,20-12-2023
436,CUST436,Female,57,Clothing,4,30,120,18-03-2023
437,CUST437,Female,35,Electronics,4,300,1200,07-10-2023
438,CUST438,Female,42,Clothing,1,30,30,19-01-2023
439,CUST439,Male,50,Clothing,3,25,75,09-07-2023
440,CUST440,Male,64,Clothing,2,300,600,26-10-2023
441,CUST441,Male,57,Beauty,4,300,1200,10-10-2023
442,CUST442,Female,60,Clothing,4,25,100,17-03-2023
443,CUST443,Male,29,Clothing,2,300,600,09-08-2023
444,CUST444,Female,61,Clothing,3,30,90,07-03-2023
445,CUST445,Female,53,Electronics,1,300,300,22-01-2023
446,CUST446,Male,21,Electronics,1,50,50,07-06-2023
447,CUST447,Male,22,Beauty,4,500,2000,06-07-2023
448,CUST448,Female,54,Beauty,2,30,60,21-01-2023
449,CUST449,Male,25,Electronics,4,50,200,03-07-2023
450,CUST450,Female,59,Beauty,2,25,50,18-04-2023
451,CUST451,Female,45,Electronics,1,30,30,16-12-2023
452,CUST452,Female,48,Clothing,3,500,1500,08-05-2023
453,CUST453,Female,26,Clothing,2,500,1000,08-12-2023
454,CUST454,Female,46,Beauty,1,25,25,22-02-2023
455,CUST455,Male,31,Electronics,4,25,100,01-07-2023
456,CUST456,Male,57,Electronics,2,30,60,14-10-2023
457,CUST457,Female,58,Beauty,3,300,900,28-07-2023
458,CUST458,Female,39,Electronics,4,25,100,14-11-2023
459,CUST459,Male,28,Clothing,4,300,1200,21-03-2023
460,CUST460,Male,40,Beauty,1,50,50,02-05-2023
461,CUST461,Female,18,Beauty,2,500,1000,25-03-2023
462,CUST462,Male,63,Electronics,4,300,1200,01-04-2023
463,CUST463,Female,54,Beauty,3,500,1500,31-07-2023
464,CUST464,Male,38,Electronics,2,300,600,13-01-2023
465,CUST465,Female,43,Electronics,3,50,150,02-04-2023
466,CUST466,Male,63,Electronics,4,25,100,20-06-2023
467,CUST467,Female,53,Electronics,3,50,150,30-07-2023
468,CUST468,Male,40,Electronics,1,25,25,09-12-2023
469,CUST469,Male,18,Beauty,3,25,75,08-05-2023
470,CUST470,Female,57,Clothing,2,500,1000,17-05-2023
471,CUST471,Male,32,Clothing,3,50,150,23-03-2023
472,CUST472,Female,38,Beauty,3,300,900,26-12-2023
473,CUST473,Male,64,Beauty,1,50,50,25-02-2023
474,CUST474,Female,26,Clothing,3,500,1500,15-07-2023
475,CUST475,Male,26,Clothing,3,25,75,20-01-2023
476,CUST476,Female,27,Clothing,4,500,2000,29-08-2023
477,CUST477,Male,43,Clothing,4,30,120,24-04-2023
478,CUST478,Female,58,Clothing,2,30,60,13-04-2023
479,CUST479,Male,52,Electronics,4,300,1200,24-08-2023
480,CUST480,Female,42,Beauty,4,500,2000,29-06-2023
481,CUST481,Female,43,Electronics,4,300,1200,06-06-2023
482,CUST482,Female,28,Clothing,4,300,1200,27-04-2023
483,CUST483,Male,55,Clothing,1,30,30,25-04-2023
484,CUST484,Female,19,Clothing,4,300,1200,13-01-2023
485,CUST485,Male,24,Electronics,1,30,30,04-12-2023
486,CUST486,Female,35,Electronics,1,25,25,09-04-2023
487,CUST487,Male,44,Clothing,4,500,2000,24-07-2023
488,CUST488,Female,51,Electronics,3,300,900,18-06-2023
489,CUST489,Male,44,Electronics,1,30,30,23-05-2023
490,CUST490,Male,34,Clothing,3,50,150,05-02-2023
491,CUST491,Female,60,Electronics,3,300,900,23-05-2023
492,CUST492,Male,61,Beauty,4,25,100,29-06-2023
493,CUST493,Male,41,Beauty,2,25,50,25-11-2023
494,CUST494,Female,42,Beauty,4,50,200,18-09-2023
495,CUST495,Male,24,Beauty,2,30,60,24-07-2023
496,CUST496,Male,23,Clothing,2,300,600,14-12-2023
497,CUST497,Male,41,Clothing,4,30,120,02-10-2023
498,CUST498,Female,50,Clothing,4,25,100,19-06-2023
499,CUST499,Male,46,Beauty,2,30,60,15-01-2023
500,CUST500,Female,60,Beauty,4,25,100,01-03-2023
501,CUST501,Male,39,Electronics,2,30,60,14-05-2023
502,CUST502,Male,43,Electronics,3,50,150,02-04-2023
503,CUST503,Male,45,Beauty,4,500,2000,25-10-2023
504,CUST504,Female,38,Beauty,3,50,150,16-05-2023
505,CUST505,Male,24,Beauty,1,50,50,20-01-2023
506,CUST506,Male,34,Beauty,3,500,1500,25-02-2023
507,CUST507,Female,37,Electronics,3,500,1500,02-11-2023
508,CUST508,Male,58,Beauty,2,300,600,11-08-2023
509,CUST509,Female,37,Electronics,3,300,900,26-06-2023
510,CUST510,Female,39,Beauty,4,50,200,10-06-2023
511,CUST511,Male,45,Beauty,2,50,100,12-08-2023
512,CUST512,Female,57,Beauty,1,25,25,07-11-2023
513,CUST513,Male,24,Electronics,4,25,100,19-09-2023
514,CUST514,Female,18,Electronics,1,300,300,01-03-2023
515,CUST515,Female,49,Clothing,3,300,900,17-07-2023
516,CUST516,Male,30,Beauty,4,25,100,23-10-2023
517,CUST517,Female,47,Clothing,4,25,100,08-04-2023
518,CUST518,Female,40,Clothing,1,30,30,11-05-2023
519,CUST519,Female,36,Electronics,4,30,120,23-01-2023
520,CUST520,Female,49,Electronics,4,25,100,29-12-2023
521,CUST521,Female,47,Clothing,4,30,120,12-08-2023
522,CUST522,Male,46,Beauty,3,500,1500,01-01-2023
523,CUST523,Female,62,Electronics,1,300,300,24-09-2023
524,CUST524,Male,46,Beauty,4,300,1200,03-10-2023
525,CUST525,Female,47,Beauty,2,25,50,18-12-2023
526,CUST526,Male,33,Clothing,2,50,100,10-12-2023
527,CUST527,Male,57,Clothing,2,25,50,11-04-2023
528,CUST528,Female,36,Clothing,2,30,60,06-07-2023
529,CUST529,Female,35,Clothing,3,50,150,09-08-2023
530,CUST530,Female,18,Electronics,4,30,120,05-02-2023
531,CUST531,Male,31,Electronics,1,500,500,07-12-2023
532,CUST532,Female,64,Clothing,4,30,120,19-06-2023
533,CUST533,Male,19,Electronics,3,500,1500,16-11-2023
534,CUST534,Male,45,Clothing,2,500,1000,10-06-2023
535,CUST535,Male,47,Beauty,3,30,90,06-12-2023
536,CUST536,Female,55,Beauty,4,30,120,05-03-2023
537,CUST537,Female,21,Beauty,1,500,500,03-06-2023
538,CUST538,Male,18,Clothing,3,50,150,17-09-2023
539,CUST539,Male,25,Beauty,1,500,500,08-06-2023
540,CUST540,Female,46,Electronics,3,300,900,08-12-2023
541,CUST541,Male,56,Beauty,1,500,500,29-07-2023
542,CUST542,Female,20,Beauty,1,50,50,17-06-2023
543,CUST543,Male,49,Beauty,2,300,600,26-07-2023
544,CUST544,Female,27,Electronics,1,25,25,23-12-2023
545,CUST545,Male,27,Clothing,2,25,50,01-06-2023
546,CUST546,Female,36,Electronics,4,50,200,11-10-2023
547,CUST547,Male,63,Clothing,4,500,2000,07-03-2023
548,CUST548,Female,51,Clothing,2,30,60,09-04-2023
549,CUST549,Female,50,Beauty,2,50,100,04-08-2023
550,CUST550,Male,40,Clothing,3,300,900,07-12-2023
551,CUST551,Male,45,Electronics,3,300,900,14-07-2023
552,CUST552,Female,49,Electronics,3,25,75,13-12-2023
553,CUST553,Male,24,Clothing,4,300,1200,31-03-2023
554,CUST554,Female,46,Beauty,3,50,150,12-11-2023
555,CUST555,Male,25,Beauty,1,300,300,19-10-2023
556,CUST556,Female,18,Electronics,1,50,50,04-06-2023
557,CUST557,Female,20,Beauty,3,30,90,27-07-2023
558,CUST558,Female,41,Clothing,1,25,25,08-10-2023
559,CUST559,Female,40,Clothing,4,300,1200,01-01-2023
560,CUST560,Female,25,Electronics,1,50,50,05-06-2023
561,CUST561,Female,64,Clothing,4,500,2000,27-05-2023
562,CUST562,Male,54,Electronics,2,25,50,18-04-2023
563,CUST563,Male,20,Clothing,2,30,60,09-08-2023
564,CUST564,Male,50,Electronics,2,50,100,24-10-2023
565,CUST565,Female,45,Beauty,2,30,60,07-11-2023
566,CUST566,Female,64,Clothing,1,30,30,02-12-2023
567,CUST567,Female,25,Clothing,3,300,900,14-06-2023
568,CUST568,Female,51,Electronics,1,300,300,27-08-2023
569,CUST569,Male,52,Electronics,4,50,200,15-08-2023
570,CUST570,Male,49,Clothing,1,500,500,15-08-2023
571,CUST571,Female,41,Electronics,1,50,50,12-12-2023
572,CUST572,Male,31,Clothing,4,500,2000,20-04-2023
573,CUST573,Male,49,Beauty,2,30,60,19-09-2023
574,CUST574,Female,63,Electronics,2,25,50,31-08-2023
575,CUST575,Male,60,Clothing,2,50,100,28-03-2023
576,CUST576,Female,33,Beauty,3,50,150,04-12-2023
577,CUST577,Male,21,Beauty,4,500,2000,13-02-2023
578,CUST578,Female,54,Clothing,4,30,120,26-05-2023
579,CUST579,Female,38,Electronics,1,30,30,21-09-2023
580,CUST580,Female,31,Clothing,3,500,1500,06-12-2023
581,CUST581,Female,48,Beauty,2,30,60,21-11-2023
582,CUST582,Male,35,Clothing,3,300,900,14-11-2023
583,CUST583,Female,24,Electronics,4,25,100,21-06-2023
584,CUST584,Female,27,Beauty,4,50,200,17-02-2023
585,CUST585,Female,24,Clothing,1,25,25,01-05-2023
586,CUST586,Male,50,Electronics,1,50,50,11-12-2023
587,CUST587,Female,40,Beauty,4,300,1200,08-06-2023
588,CUST588,Male,38,Electronics,2,30,60,26-04-2023
589,CUST589,Female,36,Beauty,2,500,1000,12-04-2023
590,CUST590,Male,36,Clothing,3,300,900,17-03-2023
591,CUST591,Male,53,Electronics,4,25,100,13-01-2023
592,CUST592,Female,46,Beauty,4,500,2000,24-01-2023
593,CUST593,Male,35,Electronics,2,30,60,06-05-2023
594,CUST594,Female,19,Electronics,2,300,600,01-09-2023
595,CUST595,Female,18,Clothing,4,500,2000,09-11-2023
596,CUST596,Female,64,Electronics,1,300,300,07-02-2023
597,CUST597,Male,22,Beauty,4,300,1200,22-08-2023
598,CUST598,Male,37,Beauty,4,30,120,01-08-2023
599,CUST599,Female,28,Beauty,2,50,100,19-11-2023
600,CUST600,Female,59,Beauty,2,500,1000,22-10-2023
601,CUST601,Male,19,Clothing,1,30,30,10-04-2023
602,CUST602,Female,20,Electronics,1,300,300,23-12-2023
603,CUST603,Female,40,Clothing,3,30,90,16-07-2023
604,CUST604,Female,29,Electronics,4,50,200,11-09-2023
605,CUST605,Male,37,Electronics,2,500,1000,24-07-2023
606,CUST606,Male,22,Electronics,1,50,50,05-05-2023
607,CUST607,Male,54,Clothing,3,25,75,17-03-2023
608,CUST608,Female,55,Electronics,3,500,1500,02-12-2023
609,CUST609,Female,47,Clothing,2,50,100,19-12-2023
610,CUST610,Female,26,Beauty,2,300,600,03-01-2023
611,CUST611,Male,51,Beauty,3,500,1500,24-02-2023
612,CUST612,Female,61,Electronics,1,500,500,06-08-2023
613,CUST613,Female,52,Clothing,3,30,90,23-04-2023
614,CUST614,Female,39,Beauty,4,300,1200,01-04-2023
615,CUST615,Female,61,Clothing,4,25,100,23-12-2023
616,CUST616,Male,41,Clothing,2,50,100,23-09-2023
617,CUST617,Male,34,Electronics,1,30,30,26-08-2023
618,CUST618,Female,27,Beauty,1,50,50,26-01-2023
619,CUST619,Male,47,Electronics,4,25,100,13-10-2023
620,CUST620,Male,63,Electronics,3,25,75,08-05-2023
621,CUST621,Female,40,Beauty,2,500,1000,04-03-2023
622,CUST622,Female,49,Beauty,3,25,75,22-08-2023
623,CUST623,Male,34,Clothing,3,50,150,10-03-2023
624,CUST624,Female,34,Beauty,3,300,900,26-08-2023
625,CUST625,Male,31,Clothing,1,300,300,08-12-2023
626,CUST626,Female,26,Clothing,4,500,2000,29-09-2023
627,CUST627,Male,57,Clothing,1,50,50,14-10-2023
628,CUST628,Female,19,Beauty,4,50,200,01-11-2023
629,CUST629,Male,62,Electronics,2,25,50,12-06-2023
630,CUST630,Male,42,Clothing,2,50,100,15-08-2023
631,CUST631,Male,56,Electronics,3,30,90,10-11-2023
632,CUST632,Female,26,Electronics,4,25,100,16-09-2023
633,CUST633,Male,39,Beauty,4,30,120,07-08-2023
634,CUST634,Male,60,Electronics,4,500,2000,08-10-2023
635,CUST635,Female,63,Electronics,3,300,900,17-08-2023
636,CUST636,Female,21,Beauty,3,500,1500,23-03-2023
637,CUST637,Male,43,Clothing,2,300,600,01-09-2023
638,CUST638,Male,46,Electronics,1,500,500,19-08-2023
639,CUST639,Female,62,Beauty,4,50,200,13-05-2023
640,CUST640,Female,51,Electronics,4,30,120,07-05-2023
641,CUST641,Female,40,Electronics,1,300,300,23-11-2023
642,CUST642,Female,54,Clothing,4,25,100,22-05-2023
643,CUST643,Female,28,Electronics,3,30,90,24-09-2023
644,CUST644,Male,23,Beauty,3,25,75,06-09-2023
645,CUST645,Female,35,Electronics,4,30,120,17-11-2023
646,CUST646,Male,38,Clothing,3,30,90,03-05-2023
647,CUST647,Male,59,Clothing,3,500,1500,21-05-2023
648,CUST648,Male,53,Beauty,4,300,1200,14-08-2023
649,CUST649,Female,58,Clothing,2,300,600,09-02-2023
650,CUST650,Male,55,Electronics,1,30,30,01-01-2024
651,CUST651,Male,51,Clothing,3,50,150,27-05-2023
652,CUST652,Female,34,Beauty,2,50,100,01-05-2023
653,CUST653,Male,54,Clothing,3,25,75,20-05-2023
654,CUST654,Male,42,Clothing,3,25,75,21-06-2023
655,CUST655,Female,55,Clothing,1,500,500,13-06-2023
656,CUST656,Male,29,Beauty,3,30,90,04-10-2023
657,CUST657,Male,40,Clothing,1,25,25,11-02-2023
658,CUST658,Male,59,Clothing,1,25,25,12-03-2023
659,CUST659,Female,39,Electronics,1,30,30,19-03-2023
660,CUST660,Female,38,Beauty,2,500,1000,29-04-2023
661,CUST661,Female,44,Clothing,4,25,100,16-07-2023
662,CUST662,Male,48,Beauty,2,500,1000,22-12-2023
663,CUST663,Male,23,Clothing,4,300,1200,20-03-2023
664,CUST664,Female,44,Clothing,4,500,2000,28-12-2023
665,CUST665,Male,57,Clothing,1,50,50,20-04-2023
666,CUST666,Male,51,Electronics,3,50,150,02-02-2023
667,CUST667,Female,29,Electronics,1,500,500,01-08-2023
668,CUST668,Female,62,Electronics,3,50,150,28-07-2023
669,CUST669,Male,24,Beauty,4,300,1200,19-06-2023
670,CUST670,Male,27,Beauty,1,30,30,05-10-2023
671,CUST671,Male,62,Electronics,3,50,150,27-08-2023
672,CUST672,Female,34,Beauty,2,50,100,01-08-2023
673,CUST673,Female,43,Clothing,3,500,1500,01-02-2023
674,CUST674,Female,38,Clothing,1,300,300,16-04-2023
675,CUST675,Female,45,Clothing,2,30,60,04-08-2023
676,CUST676,Male,63,Electronics,3,500,1500,19-07-2023
677,CUST677,Female,19,Beauty,3,500,1500,27-10-2023
678,CUST678,Female,60,Electronics,3,300,900,23-12-2023
679,CUST679,Female,18,Beauty,3,30,90,11-01-2023
680,CUST680,Female,53,Clothing,3,300,900,22-10-2023
681,CUST681,Female,43,Electronics,2,30,60,14-07-2023
682,CUST682,Male,46,Beauty,4,300,1200,02-09-2023
683,CUST683,Male,38,Beauty,2,500,1000,04-01-2023
684,CUST684,Female,28,Clothing,2,500,1000,30-06-2023
685,CUST685,Male,57,Electronics,2,25,50,02-06-2023
686,CUST686,Female,28,Electronics,4,50,200,19-07-2023
687,CUST687,Female,53,Electronics,1,300,300,03-08-2023
688,CUST688,Male,56,Clothing,4,25,100,03-10-2023
689,CUST689,Male,57,Electronics,2,50,100,07-10-2023
690,CUST690,Female,52,Clothing,3,300,900,05-11-2023
691,CUST691,Female,51,Clothing,3,30,90,23-04-2023
692,CUST692,Female,64,Clothing,2,50,100,07-09-2023
693,CUST693,Male,41,Beauty,3,500,1500,23-04-2023
694,CUST694,Female,39,Electronics,2,25,50,20-05-2023
695,CUST695,Female,22,Electronics,3,50,150,12-08-2023
696,CUST696,Female,50,Clothing,4,50,200,06-09-2023
697,CUST697,Male,53,Clothing,1,500,500,15-01-2023
698,CUST698,Female,64,Electronics,1,300,300,19-07-2023
699,CUST699,Female,37,Clothing,4,30,120,22-06-2023
700,CUST700,Male,36,Electronics,4,500,2000,09-12-2023
701,CUST701,Female,52,Beauty,2,30,60,14-12-2023
702,CUST702,Female,60,Clothing,2,300,600,27-07-2023
703,CUST703,Male,34,Electronics,2,50,100,26-03-2023
704,CUST704,Female,62,Clothing,3,30,90,28-08-2023
705,CUST705,Male,60,Electronics,2,25,50,07-03-2023
706,CUST706,Male,51,Electronics,4,25,100,15-11-2023
707,CUST707,Female,26,Clothing,1,500,500,01-10-2023
708,CUST708,Female,43,Beauty,3,300,900,14-01-2023
709,CUST709,Female,19,Electronics,2,500,1000,21-07-2023
710,CUST710,Female,26,Electronics,3,500,1500,31-10-2023
711,CUST711,Male,26,Electronics,3,500,1500,16-10-2023
712,CUST712,Female,57,Beauty,2,25,50,06-12-2023
713,CUST713,Male,34,Beauty,3,25,75,14-01-2023
714,CUST714,Female,18,Clothing,1,500,500,12-02-2023
715,CUST715,Female,42,Beauty,4,25,100,26-11-2023
716,CUST716,Female,60,Clothing,4,300,1200,08-08-2023
717,CUST717,Male,57,Clothing,1,500,500,11-03-2023
718,CUST718,Female,59,Beauty,3,25,75,25-08-2023
719,CUST719,Female,42,Clothing,2,30,60,04-04-2023
720,CUST720,Female,56,Beauty,3,500,1500,26-01-2023
721,CUST721,Female,52,Clothing,1,500,500,14-05-2023
722,CUST722,Male,20,Beauty,3,300,900,14-07-2023
723,CUST723,Female,54,Beauty,4,50,200,17-06-2023
724,CUST724,Male,61,Clothing,3,50,150,19-04-2023
725,CUST725,Male,61,Electronics,1,300,300,21-08-2023
726,CUST726,Male,47,Clothing,4,300,1200,17-06-2023
727,CUST727,Male,55,Beauty,3,300,900,22-06-2023
728,CUST728,Male,51,Electronics,3,50,150,14-07-2023
729,CUST729,Male,29,Clothing,4,300,1200,23-05-2023
730,CUST730,Female,36,Clothing,2,25,50,04-08-2023
731,CUST731,Male,54,Clothing,4,500,2000,10-05-2023
732,CUST732,Male,61,Electronics,2,500,1000,11-02-2023
733,CUST733,Male,34,Beauty,1,30,30,29-08-2023
734,CUST734,Female,27,Clothing,1,30,30,10-01-2023
735,CUST735,Female,64,Clothing,4,500,2000,04-10-2023
736,CUST736,Male,29,Clothing,4,25,100,27-01-2023
737,CUST737,Female,33,Clothing,1,50,50,29-06-2023
738,CUST738,Male,41,Clothing,2,50,100,25-04-2023
739,CUST739,Male,36,Beauty,1,25,25,29-11-2023
740,CUST740,Female,25,Beauty,4,50,200,05-02-2023
741,CUST741,Male,48,Clothing,1,300,300,30-11-2023
742,CUST742,Female,38,Electronics,4,500,2000,21-01-2023
743,CUST743,Female,34,Beauty,4,500,2000,16-01-2023
744,CUST744,Male,40,Electronics,1,25,25,07-05-2023
745,CUST745,Male,54,Beauty,2,50,100,13-04-2023
746,CUST746,Female,33,Clothing,3,30,90,11-01-2023
747,CUST747,Male,23,Beauty,1,30,30,15-11-2023
748,CUST748,Male,25,Clothing,3,50,150,20-03-2023
749,CUST749,Male,42,Beauty,1,30,30,03-05-2023
750,CUST750,Female,35,Clothing,3,25,75,06-03-2023
751,CUST751,Female,42,Clothing,2,25,50,31-08-2023
752,CUST752,Male,29,Clothing,2,50,100,09-12-2023
753,CUST753,Female,32,Clothing,1,30,30,28-02-2023
754,CUST754,Female,43,Electronics,4,25,100,16-10-2023
755,CUST755,Female,58,Clothing,3,25,75,22-04-2023
756,CUST756,Female,62,Electronics,4,300,1200,27-08-2023
757,CUST757,Female,43,Electronics,4,300,1200,25-12-2023
758,CUST758,Male,64,Clothing,4,25,100,12-05-2023
759,CUST759,Male,49,Electronics,2,50,100,08-07-2023
760,CUST760,Male,27,Beauty,1,500,500,27-03-2023
761,CUST761,Female,33,Clothing,1,500,500,07-11-2023
762,CUST762,Female,24,Electronics,2,25,50,07-11-2023
763,CUST763,Male,34,Clothing,2,25,50,28-02-2023
764,CUST764,Female,40,Clothing,1,25,25,25-03-2023
765,CUST765,Male,43,Clothing,4,50,200,09-06-2023
766,CUST766,Male,38,Electronics,3,300,900,25-02-2023
767,CUST767,Male,39,Beauty,3,25,75,24-10-2023
768,CUST768,Female,24,Beauty,3,25,75,14-01-2023
769,CUST769,Female,31,Electronics,4,30,120,09-06-2023
770,CUST770,Male,32,Clothing,1,50,50,22-10-2023
771,CUST771,Male,24,Electronics,2,25,50,13-12-2023
772,CUST772,Male,26,Electronics,1,30,30,12-07-2023
773,CUST773,Male,25,Electronics,4,500,2000,23-07-2023
774,CUST774,Female,40,Clothing,2,25,50,12-04-2023
775,CUST775,Female,46,Electronics,4,25,100,08-02-2023
776,CUST776,Male,35,Clothing,3,30,90,31-10-2023
777,CUST777,Male,48,Electronics,3,50,150,20-12-2023
778,CUST778,Female,47,Beauty,4,25,100,18-11-2023
779,CUST779,Female,56,Electronics,2,500,1000,05-05-2023
780,CUST780,Male,52,Electronics,2,25,50,22-02-2023
781,CUST781,Male,35,Beauty,1,500,500,23-12-2023
782,CUST782,Male,59,Clothing,3,300,900,04-06-2023
783,CUST783,Female,56,Clothing,1,300,300,17-12-2023
784,CUST784,Female,34,Electronics,1,500,500,04-11-2023
785,CUST785,Female,31,Beauty,4,50,200,03-03-2023
786,CUST786,Male,48,Clothing,4,25,100,17-10-2023
787,CUST787,Male,41,Electronics,1,25,25,22-01-2023
788,CUST788,Female,52,Beauty,3,300,900,27-06-2023
789,CUST789,Female,61,Clothing,4,500,2000,30-09-2023
790,CUST790,Male,62,Clothing,1,25,25,08-08-2023
791,CUST791,Female,51,Beauty,1,25,25,05-12-2023
792,CUST792,Female,20,Beauty,1,50,50,09-07-2023
793,CUST793,Male,54,Beauty,1,30,30,05-02-2023
794,CUST794,Female,60,Beauty,1,300,300,17-09-2023
795,CUST795,Male,57,Electronics,1,300,300,28-11-2023
796,CUST796,Male,43,Beauty,4,30,120,24-06-2023
797,CUST797,Male,40,Clothing,3,25,75,07-01-2023
798,CUST798,Male,61,Clothing,1,50,50,04-08-2023
799,CUST799,Male,56,Electronics,2,50,100,08-09-2023
800,CUST800,Male,32,Clothing,4,300,1200,24-02-2023
801,CUST801,Male,21,Clothing,4,50,200,10-08-2023
802,CUST802,Female,46,Beauty,1,30,30,05-07-2023
803,CUST803,Male,39,Clothing,4,25,100,22-11-2023
804,CUST804,Male,42,Electronics,1,30,30,24-08-2023
805,CUST805,Female,30,Beauty,3,500,1500,29-12-2023
806,CUST806,Female,35,Beauty,3,300,900,20-03-2023
807,CUST807,Female,50,Electronics,4,50,200,11-08-2023
808,CUST808,Male,33,Beauty,4,500,2000,01-04-2023
809,CUST809,Female,62,Beauty,2,50,100,25-09-2023
810,CUST810,Male,59,Electronics,4,25,100,30-11-2023
811,CUST811,Male,61,Beauty,2,25,50,19-05-2023
812,CUST812,Male,19,Electronics,3,25,75,12-11-2023
813,CUST813,Male,52,Electronics,3,50,150,03-10-2023
814,CUST814,Female,59,Clothing,1,500,500,05-09-2023
815,CUST815,Female,51,Clothing,3,25,75,27-08-2023
816,CUST816,Male,47,Beauty,2,500,1000,12-08-2023
817,CUST817,Male,30,Beauty,4,50,200,31-10-2023
818,CUST818,Male,30,Electronics,1,500,500,18-05-2023
819,CUST819,Female,35,Beauty,2,50,100,15-06-2023
820,CUST820,Male,49,Electronics,4,50,200,06-05-2023
821,CUST821,Male,49,Electronics,1,300,300,14-02-2023
822,CUST822,Female,52,Beauty,3,50,150,23-05-2023
823,CUST823,Female,56,Electronics,2,50,100,19-08-2023
824,CUST824,Male,63,Clothing,4,30,120,05-05-2023
825,CUST825,Female,46,Beauty,1,25,25,26-08-2023
826,CUST826,Female,46,Clothing,1,300,300,19-10-2023
827,CUST827,Male,61,Beauty,3,300,900,09-11-2023
828,CUST828,Female,33,Electronics,4,300,1200,09-12-2023
829,CUST829,Male,61,Beauty,3,30,90,14-07-2023
830,CUST830,Female,64,Clothing,3,50,150,22-06-2023
831,CUST831,Male,27,Electronics,4,25,100,15-01-2023
832,CUST832,Male,47,Beauty,4,500,2000,11-09-2023
833,CUST833,Male,42,Beauty,4,50,200,16-06-2023
834,CUST834,Female,56,Beauty,2,30,60,04-04-2023
835,CUST835,Male,37,Clothing,4,50,200,07-09-2023
836,CUST836,Female,22,Clothing,1,50,50,19-04-2023
837,CUST837,Male,18,Beauty,3,30,90,01-07-2023
838,CUST838,Male,47,Electronics,2,300,600,13-05-2023
839,CUST839,Female,20,Electronics,4,300,1200,24-06-2023
840,CUST840,Male,62,Clothing,2,25,50,24-05-2023
841,CUST841,Male,31,Electronics,4,25,100,02-11-2023
842,CUST842,Female,47,Clothing,2,300,600,26-12-2023
843,CUST843,Male,21,Beauty,3,500,1500,22-05-2023
844,CUST844,Male,35,Clothing,3,50,150,12-10-2023
845,CUST845,Male,54,Clothing,1,500,500,06-01-2023
846,CUST846,Male,42,Beauty,1,50,50,22-09-2023
847,CUST847,Female,18,Electronics,4,300,1200,08-04-2023
848,CUST848,Female,63,Clothing,3,25,75,13-02-2023
849,CUST849,Male,32,Clothing,2,25,50,04-05-2023
850,CUST850,Female,26,Beauty,2,500,1000,28-07-2023
851,CUST851,Male,32,Electronics,2,25,50,08-09-2023
852,CUST852,Female,41,Clothing,1,300,300,12-10-2023
853,CUST853,Male,21,Beauty,2,500,1000,04-05-2023
854,CUST854,Male,29,Clothing,1,50,50,20-12-2023
855,CUST855,Male,54,Beauty,1,25,25,01-09-2023
856,CUST856,Male,54,Electronics,4,30,120,27-11-2023
857,CUST857,Male,60,Electronics,2,25,50,31-12-2023
858,CUST858,Male,23,Electronics,2,50,100,09-09-2023
859,CUST859,Female,56,Electronics,3,500,1500,18-08-2023
860,CUST860,Male,63,Clothing,4,50,200,09-01-2023
861,CUST861,Female,41,Clothing,3,30,90,17-02-2023
862,CUST862,Male,28,Electronics,4,300,1200,31-05-2023
863,CUST863,Female,30,Electronics,2,25,50,24-04-2023
864,CUST864,Female,51,Electronics,1,500,500,27-07-2023
865,CUST865,Female,42,Clothing,1,300,300,21-12-2023
866,CUST866,Male,24,Electronics,1,50,50,05-05-2023
867,CUST867,Male,21,Electronics,1,500,500,06-06-2023
868,CUST868,Female,25,Electronics,1,300,300,06-12-2023
869,CUST869,Male,37,Beauty,3,500,1500,25-10-2023
870,CUST870,Female,46,Electronics,4,30,120,08-07-2023
871,CUST871,Male,62,Beauty,2,30,60,31-08-2023
872,CUST872,Female,63,Beauty,3,25,75,11-10-2023
873,CUST873,Female,27,Electronics,4,25,100,29-09-2023
874,CUST874,Male,60,Beauty,1,30,30,26-06-2023
875,CUST875,Female,51,Electronics,4,500,2000,06-08-2023
876,CUST876,Male,43,Clothing,4,30,120,09-10-2023
877,CUST877,Female,58,Clothing,1,25,25,19-06-2023
878,CUST878,Female,20,Clothing,1,30,30,30-06-2023
879,CUST879,Male,23,Clothing,1,30,30,26-12-2023
880,CUST880,Male,22,Beauty,2,500,1000,21-08-2023
881,CUST881,Male,22,Electronics,1,300,300,19-05-2023
882,CUST882,Female,64,Electronics,2,25,50,06-06-2023
883,CUST883,Male,40,Electronics,1,500,500,09-05-2023
884,CUST884,Female,26,Clothing,2,30,60,29-04-2023
885,CUST885,Female,52,Clothing,4,30,120,03-03-2023
886,CUST886,Male,37,Electronics,3,300,900,09-04-2023
887,CUST887,Male,59,Clothing,4,25,100,11-06-2023
888,CUST888,Female,52,Electronics,4,25,100,03-03-2023
889,CUST889,Female,35,Electronics,1,50,50,02-10-2023
890,CUST890,Male,34,Electronics,2,25,50,20-12-2023
891,CUST891,Male,41,Electronics,3,300,900,05-04-2023
892,CUST892,Male,20,Electronics,1,50,50,09-04-2023
893,CUST893,Male,49,Electronics,1,50,50,21-04-2023
894,CUST894,Male,52,Electronics,1,30,30,05-09-2023
895,CUST895,Female,55,Clothing,4,30,120,22-05-2023
896,CUST896,Female,30,Electronics,2,25,50,29-10-2023
897,CUST897,Female,64,Electronics,2,50,100,26-09-2023
898,CUST898,Female,42,Clothing,3,30,90,02-11-2023
899,CUST899,Male,26,Clothing,2,300,600,25-05-2023
900,CUST900,Male,21,Clothing,2,30,60,21-02-2023
901,CUST901,Male,31,Electronics,1,30,30,10-04-2023
902,CUST902,Female,54,Beauty,1,50,50,01-06-2023
903,CUST903,Female,51,Beauty,4,50,200,27-04-2023
904,CUST904,Male,28,Clothing,1,500,500,04-07-2023
905,CUST905,Male,58,Beauty,1,300,300,02-04-2023
906,CUST906,Female,20,Clothing,1,50,50,04-06-2023
907,CUST907,Female,45,Electronics,1,25,25,08-01-2023
908,CUST908,Male,46,Beauty,4,300,1200,29-12-2023
909,CUST909,Male,26,Electronics,1,300,300,01-10-2023
910,CUST910,Female,20,Beauty,3,50,150,06-03-2023
911,CUST911,Male,42,Electronics,3,300,900,21-05-2023
912,CUST912,Male,51,Beauty,3,50,150,24-01-2023
913,CUST913,Male,29,Electronics,3,30,90,28-01-2023
914,CUST914,Female,59,Electronics,1,500,500,11-10-2023
915,CUST915,Female,26,Beauty,3,30,90,30-05-2023
916,CUST916,Female,32,Electronics,1,50,50,24-12-2023
917,CUST917,Female,57,Electronics,4,50,200,06-03-2023
918,CUST918,Female,42,Electronics,3,30,90,23-11-2023
919,CUST919,Female,22,Beauty,2,25,50,09-09-2023
920,CUST920,Female,28,Beauty,3,25,75,22-02-2023
921,CUST921,Male,51,Electronics,3,25,75,07-01-2023
922,CUST922,Male,41,Electronics,1,50,50,21-10-2023
923,CUST923,Male,32,Beauty,3,300,900,26-05-2023
924,CUST924,Male,55,Beauty,2,50,100,29-08-2023
925,CUST925,Male,25,Electronics,1,300,300,03-09-2023
926,CUST926,Male,22,Electronics,1,30,30,14-08-2023
927,CUST927,Male,43,Electronics,4,500,2000,24-06-2023
928,CUST928,Female,35,Clothing,4,300,1200,05-04-2023
929,CUST929,Female,23,Beauty,3,25,75,27-01-2023
930,CUST930,Male,54,Clothing,4,50,200,10-05-2023
931,CUST931,Male,30,Beauty,4,30,120,02-09-2023
932,CUST932,Female,45,Beauty,4,25,100,28-02-2023
933,CUST933,Male,22,Beauty,1,30,30,03-02-2023
934,CUST934,Male,30,Beauty,1,500,500,25-07-2023
935,CUST935,Female,34,Beauty,1,50,50,09-09-2023
936,CUST936,Male,57,Beauty,4,50,200,07-02-2023
937,CUST937,Female,62,Beauty,1,500,500,23-10-2023
938,CUST938,Male,49,Clothing,4,50,200,19-11-2023
939,CUST939,Female,46,Electronics,1,300,300,18-12-2023
940,CUST940,Female,20,Electronics,1,30,30,28-01-2023
941,CUST941,Female,57,Clothing,2,25,50,19-03-2023
942,CUST942,Male,51,Clothing,3,500,1500,18-03-2023
943,CUST943,Female,57,Clothing,4,300,1200,16-10-2023
944,CUST944,Male,44,Clothing,2,25,50,05-06-2023
945,CUST945,Male,30,Beauty,1,25,25,13-02-2023
946,CUST946,Male,62,Electronics,4,500,2000,08-05-2023
947,CUST947,Male,50,Beauty,1,300,300,02-03-2023
948,CUST948,Female,23,Electronics,3,25,75,13-10-2023
949,CUST949,Female,41,Electronics,2,25,50,02-08-2023
950,CUST950,Male,36,Clothing,3,300,900,07-11-2023
951,CUST951,Male,33,Beauty,2,50,100,02-11-2023
952,CUST952,Female,57,Clothing,1,25,25,13-11-2023
953,CUST953,Male,45,Beauty,3,30,90,26-04-2023
954,CUST954,Female,50,Electronics,3,300,900,25-09-2023
955,CUST955,Male,58,Clothing,1,25,25,14-07-2023
956,CUST956,Male,30,Clothing,3,500,1500,19-08-2023
957,CUST957,Female,60,Electronics,4,30,120,15-08-2023
958,CUST958,Male,62,Electronics,2,25,50,02-06-2023
959,CUST959,Female,42,Electronics,2,30,60,29-10-2023
960,CUST960,Male,59,Clothing,2,30,60,08-08-2023
961,CUST961,Male,53,Beauty,4,50,200,06-06-2023
962,CUST962,Male,44,Clothing,2,30,60,19-10-2023
963,CUST963,Female,55,Beauty,1,50,50,14-11-2023
964,CUST964,Male,24,Clothing,3,300,900,31-01-2023
965,CUST965,Male,22,Clothing,4,50,200,09-11-2023
966,CUST966,Male,60,Electronics,2,500,1000,20-02-2023
967,CUST967,Male,62,Beauty,1,25,25,17-04-2023
968,CUST968,Female,48,Clothing,3,300,900,17-11-2023
969,CUST969,Female,40,Clothing,3,300,900,19-04-2023
970,CUST970,Male,59,Electronics,4,500,2000,16-05-2023
971,CUST971,Female,27,Electronics,4,50,200,05-12-2023
972,CUST972,Male,49,Beauty,4,25,100,11-02-2023
973,CUST973,Male,60,Clothing,1,50,50,22-03-2023
974,CUST974,Male,47,Beauty,1,30,30,03-05-2023
975,CUST975,Female,56,Clothing,4,50,200,30-03-2023
976,CUST976,Female,48,Beauty,2,300,600,10-10-2023
977,CUST977,Female,35,Electronics,3,25,75,08-02-2023
978,CUST978,Female,53,Clothing,3,50,150,22-03-2023
979,CUST979,Female,19,Beauty,1,25,25,02-01-2023
980,CUST980,Female,31,Electronics,3,25,75,29-07-2023
981,CUST981,Female,30,Electronics,2,30,60,19-08-2023
982,CUST982,Female,46,Beauty,3,30,90,19-12-2023
983,CUST983,Female,29,Clothing,1,300,300,01-11-2023
984,CUST984,Male,56,Clothing,1,500,500,29-08-2023
985,CUST985,Female,19,Electronics,2,25,50,30-05-2023
986,CUST986,Female,49,Clothing,2,500,1000,17-01-2023
987,CUST987,Female,30,Clothing,3,300,900,29-04-2023
988,CUST988,Female,63,Clothing,3,25,75,28-05-2023
989,CUST989,Female,44,Electronics,1,25,25,28-12-2023
990,CUST990,Female,58,Beauty,2,500,1000,25-05-2023
991,CUST991,Female,34,Clothing,2,50,100,26-12-2023
992,CUST992,Female,57,Electronics,2,30,60,21-08-2023
993,CUST993,Female,48,Electronics,3,50,150,06-02-2023
994,CUST994,Female,51,Beauty,2,500,1000,18-12-2023
995,CUST995,Female,41,Clothing,1,30,30,30-04-2023
996,CUST996,Male,62,Clothing,1,50,50,16-05-2023
997,CUST997,Male,52,Beauty,3,30,90,17-11-2023
998,CUST998,Female,23,Beauty,4,25,100,29-10-2023
999,CUST999,Female,36,Electronics,3,50,150,05-12-2023
1000,CUST1000,Male,47,Electronics,4,30,120,12-04-2023
